Type,Name,Request Count,Failure Count,Median Response Time,Average Response Time,Min Response Time,Max Response Time,Average Content Size,Requests/s,Failures/s,50%,66%,75%,80%,90%,95%,98%,99%,99.9%,99.99%,100%
GET,/health,328,0,5,154.90277743908624,2.135199996700976,2057.7553999974043,187.0,11.232056990292051,0.0,5,6,7,9,14,2000,2000,2100,2100,2100,2100
POST,/triage,262,252,4,207.57814503826054,1.870300002337899,2063.5571999955573,47.35496183206107,8.971947961757675,8.629507199858526,4,6,7,9,22,2000,2100,2100,2100,2100,2100
,Aggregated,590,252,5,178.2942118644823,1.870300002337899,2063.5571999955573,124.98813559322033,20.204004952049726,8.629507199858526,5,6,7,9,17,2000,2100,2100,2100,2100,2100
